3166-6771-6377-1446,458,Elizabeth,Randall,elizabeth.randall@gmail.com,AA123456C
9956-8877-4634-4931,459,Jack,Hudson,jack.hudson@gmail.com,AA123457C
9956-8877-4634-4931,460,Justin,Gray,justin.gray@gmail.com,AA123458C
9956-8877-4634-4931,461,Austin,King,austin.king@gmail.com,AA123459C
9956-8877-4634-4931,462,James,May,james.may@gmail.com,AA123460C
9956-8877-4634-4931,463,Karen,Hart,karen.hart@gmail.com,AA123461C
9956-8877-4634-4931,464,Amy,Greene,amy.greene@gmail.com,AA123462C
9956-8877-4634-4931,465,Neil,North,neil.north@gmail.com,AA123463C
9956-8877-4634-4931,466,Amelia,Walsh,amelia.walsh@gmail.com,AA123464C
9956-8877-4634-4931,467,Jack,Skinner,jack.skinner@gmail.com,AA123465C
9956-8877-4634-4931,468,Bella,Rees,bella.rees@gmail.com,AA123466C
9956-8877-4634-4931,469,Sean,Oliver,sean.oliver@gmail.com,AA123467C
9956-8877-4634-4931,470,Joe,Hill,joe.hill@gmail.com,AA123468C
9956-8877-4634-4931,471,Bella,Alsop,bella.alsop@gmail.com,AA123469C
9956-8877-4634-4931,472,Stephanie,Bailey,stephanie.bailey@gmail.com,AA123470C
9956-8877-4634-4931,473,Julian,Lee,julian.lee@gmail.com,AA123471C
9956-8877-4634-4931,474,Eric,Lyman,eric.lyman@gmail.com,AA123472C
9956-8877-4634-4931,475,Tim,Forsyth,tim.forsyth@gmail.com,AA123473C
9956-8877-4634-4931,476,Joseph,Buckland,joseph.buckland@gmail.com,AA123474C
9956-8877-4634-4931,477,Liam,Campbell,liam.campbell@gmail.com,AA123475C
9956-8877-4634-4931,478,Yvonne,Robertson,yvonne.robertson@gmail.com,AA123476C
9956-8877-4634-4931,479,Isaac,Springer,isaac.springer@gmail.com,AA123477C
9956-8877-4634-4931,480,Abigail,Berry,abigail.berry@gmail.com,AA123478C
9956-8877-4634-4931,481,Alison,Wallace,alison.wallace@gmail.com,AA123479C
9956-8877-4634-4931,482,Rose,Abraham,rose.abraham@gmail.com,AA123480C
7308-6952-3231-8783,483,Sebastian,Skinner,sebastian.skinner@gmail.com,AA123481C
7308-6952-3231-8783,484,Harry,Walsh,harry.walsh@gmail.com,AA123482C
7308-6952-3231-8783,485,John,Wilson,john.wilson@gmail.com,AA123483C
7308-6952-3231-8783,486,Benjamin,Gibson,benjamin.gibson@gmail.com,AA123484C
7308-6952-3231-8783,487,Audrey,Bower,audrey.bower@gmail.com,AA123485C
7308-6952-3231-8783,488,Phil,Robertson,phil.robertson@gmail.com,AA123486C
7308-6952-3231-8783,489,Christopher,Skinner,christopher.skinner@gmail.com,AA123487C
7308-6952-3231-8783,490,Steven,Churchill,steven.churchill@gmail.com,AA123488C
7308-6952-3231-8783,491,Faith,Peters,faith.peters@gmail.com,AA123489C
7308-6952-3231-8783,492,Karen,Slater,karen.slater@gmail.com,AA123490C
7308-6952-3231-8783,493,Tracey,Miller,tracey.miller@gmail.com,AA123491C
7308-6952-3231-8783,494,Joe,Butler,joe.butler@gmail.com,AA123492C
7308-6952-3231-8783,495,Christian,Mills,christian.mills@gmail.com,AA123493C
7308-6952-3231-8783,496,Heather,Gill,heather.gill@gmail.com,AA123494C
7308-6952-3231-8783,497,Brandon,Abraham,brandon.abraham@gmail.com,AA123495C
7308-6952-3231-8783,498,Heather,Dowd,heather.dowd@gmail.com,AA123496C
7308-6952-3231-8783,499,Grace,Hemmings,grace.hemmings@gmail.com,AA123497C
7308-6952-3231-8783,500,Heather,Sanderson,heather.sanderson@gmail.com,AA123498C
7308-6952-3231-8783,501,Simon,Blake,simon.blake@gmail.com,AA123499C
7308-6952-3231-8783,502,Phil,Walker,phil.walker@gmail.com,AA123500C
7308-6952-3231-8783,503,Audrey,Henderson,audrey.henderson@gmail.com,AA123501C
7308-6952-3231-8783,504,Jennifer,Springer,jennifer.springer@gmail.com,AA123502C
7308-6952-3231-8783,505,Dominic,Rees,dominic.rees@gmail.com,AA123503C
7308-6952-3231-8783,506,Paul,MacDonald,paul.macdonald@gmail.com,AA123504C
7308-6952-3231-8783,507,Ella,Chapman,ella.chapman@gmail.com,AA123505C
7308-6952-3231-8783,508,Luke,Sanderson,luke.sanderson@gmail.com,AA123506C
7308-6952-3231-8783,509,Nicholas,Terry,nicholas.terry@gmail.com,AA123507C
7308-6952-3231-8783,510,Carolyn,Churchill,carolyn.churchill@gmail.com,AA123508C
7308-6952-3231-8783,511,Jasmine,Arnold,jasmine.arnold@gmail.com,AA123509C
7308-6952-3231-8783,512,Jake,Martin,jake.martin@gmail.com,AA123510C
7308-6952-3231-8783,513,Andrea,Lawrence,andrea.lawrence@gmail.com,AA123511C
7308-6952-3231-8783,514,Olivia,Wallace,olivia.wallace@gmail.com,AA123512C
7308-6952-3231-8783,515,David,Turner,david.turner@gmail.com,AA123513C
7308-6952-3231-8783,516,Jason,Fraser,jason.fraser@gmail.com,AA123514C
7308-6952-3231-8783,517,Fiona,Clarkson,fiona.clarkson@gmail.com,AA123515C
7308-6952-3231-8783,518,Vanessa,May,vanessa.may@gmail.com,AA123516C
7308-6952-3231-8783,519,Dylan,James,dylan.james@gmail.com,AA123517C
7308-6952-3231-8783,520,Colin,Manning,colin.manning@gmail.com,AA123518C
7308-6952-3231-8783,521,Irene,Allan,irene.allan@gmail.com,AA123519C
7308-6952-3231-8783,522,Ryan,Marshall,ryan.marshall@gmail.com,AA123520C
1022-8962-2116-7003,523,Rebecca,Gill,rebecca.gill@gmail.com,AA123521C
1022-8962-2116-7003,524,David,Martin,david.martin@gmail.com,AA123522C
1022-8962-2116-7003,525,Abigail,Hudson,abigail.hudson@gmail.com,AA123523C
1022-8962-2116-7003,526,Michael,Piper,michael.piper@gmail.com,AA123524C
1022-8962-2116-7003,527,Sue,Vaughan,sue.vaughan@gmail.com,AA123525C
1022-8962-2116-7003,528,Justin,Poole,justin.poole@gmail.com,AA123526C
1022-8962-2116-7003,529,Boris,Forsyth,boris.forsyth@gmail.com,AA123527C
1022-8962-2116-7003,530,Sean,Slater,sean.slater@gmail.com,AA123528C
1022-8962-2116-7003,531,Boris,Harris,boris.harris@gmail.com,AA123529C
1022-8962-2116-7003,532,Anthony,Lawrence,anthony.lawrence@gmail.com,AA123530C
1022-8962-2116-7003,533,Joshua,Piper,joshua.piper@gmail.com,AA123531C
1022-8962-2116-7003,534,Caroline,McLean,caroline.mclean@gmail.com,AA123532C
1022-8962-2116-7003,535,Abigail,Carr,abigail.carr@gmail.com,AA123533C
1022-8962-2116-7003,536,Lucas,Ferguson,lucas.ferguson@gmail.com,AA123534C
1022-8962-2116-7003,537,Karen,Murray,karen.murray@gmail.com,AA123535C
1022-8962-2116-7003,538,Gavin,Marshall,gavin.marshall@gmail.com,AA123536C
1022-8962-2116-7003,539,Wanda,Anderson,wanda.anderson@gmail.com,AA123537C
1022-8962-2116-7003,540,Adrian,Simpson,adrian.simpson@gmail.com,AA123538C
1022-8962-2116-7003,541,Alexandra,Ogden,alexandra.ogden@gmail.com,AA123539C
1022-8962-2116-7003,542,Molly,Springer,molly.springer@gmail.com,AA123540C
1022-8962-2116-7003,543,Joshua,Gibson,joshua.gibson@gmail.com,AA123541C
1022-8962-2116-7003,544,Jake,Underwood,jake.underwood@gmail.com,AA123542C
1022-8962-2116-7003,545,Sam,Mackenzie,sam.mackenzie@gmail.com,AA123543C
1022-8962-2116-7003,546,Ava,Sanderson,ava.sanderson@gmail.com,AA123544C
1022-8962-2116-7003,547,Rachel,Paterson,rachel.paterson@gmail.com,AA123545C
1022-8962-2116-7003,548,Trevor,Smith,trevor.smith@gmail.com,AA123546C
1022-8962-2116-7003,549,Diane,Jones,diane.jones@gmail.com,AA123547C
1022-8962-2116-7003,550,Jennifer,Parsons,jennifer.parsons@gmail.com,AA123548C
1022-8962-2116-7003,551,Tracey,Paige,tracey.paige@gmail.com,AA123549C
1022-8962-2116-7003,552,James,Randall,james.randall@gmail.com,AA123550C
1022-8962-2116-7003,553,Phil,Stewart,phil.stewart@gmail.com,AA123551C
1022-8962-2116-7003,554,Piers,Wright,piers.wright@gmail.com,AA123552C
1022-8962-2116-7003,555,Emma,McLean,emma.mclean@gmail.com,AA123553C
1022-8962-2116-7003,556,Piers,Powell,piers.powell@gmail.com,AA123554C
1022-8962-2116-7003,557,Colin,Mathis,colin.mathis@gmail.com,AA123555C
1022-8962-2116-7003,558,Dominic,Vance,dominic.vance@gmail.com,AA123556C
1022-8962-2116-7003,559,Matt,Hamilton,matt.hamilton@gmail.com,AA123557C
1022-8962-2116-7003,560,Adam,Lewis,adam.lewis@gmail.com,AA123558C
1022-8962-2116-7003,561,Abigail,Nolan,abigail.nolan@gmail.com,AA123559C
1022-8962-2116-7003,562,Bella,Welch,bella.welch@gmail.com,AA123560C
1022-8962-2116-7003,563,Donna,Gill,donna.gill@gmail.com,AA123561C
1022-8962-2116-7003,564,Anne,Bond,anne.bond@gmail.com,AA123562C
1022-8962-2116-7003,565,Luke,Gill,luke.gill@gmail.com,AA123563C
1022-8962-2116-7003,566,Una,Simpson,una.simpson@gmail.com,AA123564C
1022-8962-2116-7003,567,Sue,Henderson,sue.henderson@gmail.com,AA123565C
1022-8962-2116-7003,568,Richard,Arnold,richard.arnold@gmail.com,AA123566C
1022-8962-2116-7003,569,Lisa,Glover,lisa.glover@gmail.com,AA123567C
1022-8962-2116-7003,570,Sarah,Parsons,sarah.parsons@gmail.com,AA123568C
4736-1883-2091-7327,571,Joshua,Hemmings,joshua.hemmings@gmail.com,AA123569C
4736-1883-2091-7327,572,Max,Manning,max.manning@gmail.com,AA123570C
4736-1883-2091-7327,573,Gabrielle,Chapman,gabrielle.chapman@gmail.com,AA123571C
4736-1883-2091-7327,574,Nathan,Lee,nathan.lee@gmail.com,AA123572C
4736-1883-2091-7327,575,Pippa,May,pippa.may@gmail.com,AA123573C
4736-1883-2091-7327,576,Jennifer,Arnold,jennifer.arnold@gmail.com,AA123574C
4736-1883-2091-7327,577,Max,Glover,max.glover@gmail.com,AA123575C
4736-1883-2091-7327,578,Olivia,Payne,olivia.payne@gmail.com,AA123576C
4736-1883-2091-7327,579,Tim,Oliver,tim.oliver@gmail.com,AA123577C
4736-1883-2091-7327,580,Richard,Blake,richard.blake@gmail.com,AA123578C
4736-1883-2091-7327,581,Alan,Lawrence,alan.lawrence@gmail.com,AA123579C
4736-1883-2091-7327,582,Victoria,Ferguson,victoria.ferguson@gmail.com,AA123580C
4736-1883-2091-7327,583,Andrew,Short,andrew.short@gmail.com,AA123581C
4736-1883-2091-7327,584,Wendy,Greene,wendy.greene@gmail.com,AA123582C
4736-1883-2091-7327,585,Michael,Nolan,michael.nolan@gmail.com,AA123583C
4736-1883-2091-7327,586,Joe,Murray,joe.murray@gmail.com,AA123584C
4736-1883-2091-7327,587,Keith,Avery,keith.avery@gmail.com,AA123585C
4736-1883-2091-7327,588,Alison,Randall,alison.randall@gmail.com,AA123586C
4736-1883-2091-7327,589,Jack,Sanderson,jack.sanderson@gmail.com,AA123587C
4736-1883-2091-7327,590,Joan,Hemmings,joan.hemmings@gmail.com,AA123588C
4736-1883-2091-7327,591,Liam,Powell,liam.powell@gmail.com,AA123589C
4736-1883-2091-7327,592,Claire,James,claire.james@gmail.com,AA123590C
4736-1883-2091-7327,593,Blake,Hill,blake.hill@gmail.com,AA123591C
4736-1883-2091-7327,594,Yvonne,North,yvonne.north@gmail.com,AA123592C
4736-1883-2091-7327,595,Gordon,North,gordon.north@gmail.com,AA123593C
4736-1883-2091-7327,596,Julia,Abraham,julia.abraham@gmail.com,AA123594C
4736-1883-2091-7327,597,Amelia,Lewis,amelia.lewis@gmail.com,AA123595C
4736-1883-2091-7327,598,Caroline,Hemmings,caroline.hemmings@gmail.com,AA123596C
4736-1883-2091-7327,599,Sarah,Watson,sarah.watson@gmail.com,AA123597C
4736-1883-2091-7327,600,John,Berry,john.berry@gmail.com,AA123598C
4736-1883-2091-7327,601,Stephen,White,stephen.white@gmail.com,AA123599C
4736-1883-2091-7327,602,Una,Ball,una.ball@gmail.com,AA123600C
4736-1883-2091-7327,603,Lisa,Metcalfe,lisa.metcalfe@gmail.com,AA123601C
4736-1883-2091-7327,604,Karen,Dyer,karen.dyer@gmail.com,AA123602C
4736-1883-2091-7327,605,Liam,Buckland,liam.buckland@gmail.com,AA123603C
4736-1883-2091-7327,606,Jack,Morgan,jack.morgan@gmail.com,AA123604C
4736-1883-2091-7327,607,Christopher,Simpson,christopher.simpson@gmail.com,AA123605C
4736-1883-2091-7327,608,Warren,Powell,warren.powell@gmail.com,AA123606C
4736-1883-2091-7327,609,Sue,Allan,sue.allan@gmail.com,AA123607C
4736-1883-2091-7327,610,Connor,Payne,connor.payne@gmail.com,AA123608C
4736-1883-2091-7327,611,Ian,Graham,ian.graham@gmail.com,AA123609C
4736-1883-2091-7327,612,Yvonne,Gill,yvonne.gill@gmail.com,AA123610C
4736-1883-2091-7327,613,Kimberly,Arnold,kimberly.arnold@gmail.com,AA123611C
4736-1883-2091-7327,614,Kylie,Simpson,kylie.simpson@gmail.com,AA123612C
4736-1883-2091-7327,615,Sarah,Smith,sarah.smith@gmail.com,AA123613C
4736-1883-2091-7327,616,Claire,Avery,claire.avery@gmail.com,AA123614C
4736-1883-2091-7327,617,Jack,Martin,jack.martin@gmail.com,AA123615C
4736-1883-2091-7327,618,Maria,Mackay,maria.mackay@gmail.com,AA123616C
4736-1883-2091-7327,619,Boris,Chapman,boris.chapman@gmail.com,AA123617C
4736-1883-2091-7327,620,Warren,White,warren.white@gmail.com,AA123618C
4736-1883-2091-7327,621,Jan,Terry,jan.terry@gmail.com,AA123619C
4736-1883-2091-7327,622,Joseph,McGrath,joseph.mcgrath@gmail.com,AA123620C
4736-1883-2091-7327,623,Sam,Cameron,sam.cameron@gmail.com,AA123621C
4736-1883-2091-7327,624,Megan,Hemmings,megan.hemmings@gmail.com,AA123622C
3188-8958-1508-1170,625,Piers,Nolan,piers.nolan@gmail.com,AA123623C
3188-8958-1508-1170,626,Austin,Wright,austin.wright@gmail.com,AA123624C
3188-8958-1508-1170,627,Amelia,Turner,amelia.turner@gmail.com,AA123625C
3188-8958-1508-1170,628,Colin,McLean,colin.mclean@gmail.com,AA123626C
3188-8958-1508-1170,629,Lisa,Berry,lisa.berry@gmail.com,AA123627C
3188-8958-1508-1170,630,Christopher,Parr,christopher.parr@gmail.com,AA123628C
3188-8958-1508-1170,631,Trevor,Turner,trevor.turner@gmail.com,AA123629C
3188-8958-1508-1170,632,Carol,Davies,carol.davies@gmail.com,AA123630C
3188-8958-1508-1170,633,Molly,Terry,molly.terry@gmail.com,AA123631C
3188-8958-1508-1170,634,Emma,Pullman,emma.pullman@gmail.com,AA123632C
3188-8958-1508-1170,635,Phil,Davies,phil.davies@gmail.com,AA123633C
3188-8958-1508-1170,636,Kylie,Gill,kylie.gill@gmail.com,AA123634C
3188-8958-1508-1170,637,Lillian,Ellison,lillian.ellison@gmail.com,AA123635C
3188-8958-1508-1170,638,Anthony,Simpson,anthony.simpson@gmail.com,AA123636C
3188-8958-1508-1170,639,William,Bower,william.bower@gmail.com,AA123637C
3188-8958-1508-1170,640,James,Smith,james.smith@gmail.com,AA123638C
3188-8958-1508-1170,641,Sophie,Thomson,sophie.thomson@gmail.com,AA123639C
3188-8958-1508-1170,642,Gordon,Turner,gordon.turner@gmail.com,AA123640C
3188-8958-1508-1170,643,Natalie,Baker,natalie.baker@gmail.com,AA123641C
3188-8958-1508-1170,644,Jason,Ross,jason.ross@gmail.com,AA123642C
3188-8958-1508-1170,645,Liam,Scott,liam.scott@gmail.com,AA123643C
3188-8958-1508-1170,646,Julian,Ball,julian.ball@gmail.com,AA123644C
3188-8958-1508-1170,647,Faith,Powell,faith.powell@gmail.com,AA123645C
3188-8958-1508-1170,648,Max,Robertson,max.robertson@gmail.com,AA123646C
3188-8958-1508-1170,649,Grace,Ross,grace.ross@gmail.com,AA123647C
3188-8958-1508-1170,650,Wanda,Rampling,wanda.rampling@gmail.com,AA123648C
3188-8958-1508-1170,651,Justin,Hunter,justin.hunter@gmail.com,AA123649C
3188-8958-1508-1170,652,Lisa,Peters,lisa.peters@gmail.com,AA123650C
3188-8958-1508-1170,653,Austin,Lyman,austin.lyman@gmail.com,AA123651C
3188-8958-1508-1170,654,Lisa,Dickens,lisa.dickens@gmail.com,AA123652C
3188-8958-1508-1170,655,Jasmine,Lewis,jasmine.lewis@gmail.com,AA123653C
3188-8958-1508-1170,656,Richard,Cameron,richard.cameron@gmail.com,AA123654C
3188-8958-1508-1170,657,Harry,Payne,harry.payne@gmail.com,AA123655C
3188-8958-1508-1170,658,Carol,Bond,carol.bond@gmail.com,AA123656C
3188-8958-1508-1170,659,Steven,Marshall,steven.marshall@gmail.com,AA123657C
3188-8958-1508-1170,660,Deirdre,Buckland,deirdre.buckland@gmail.com,AA123658C
3188-8958-1508-1170,661,Bernadette,Pullman,bernadette.pullman@gmail.com,AA123659C
3188-8958-1508-1170,662,Deirdre,Kelly,deirdre.kelly@gmail.com,AA123660C
3188-8958-1508-1170,663,Fiona,Davidson,fiona.davidson@gmail.com,AA123661C
3188-8958-1508-1170,664,Donna,Fraser,donna.fraser@gmail.com,AA123662C
3188-8958-1508-1170,665,Hannah,Fraser,hannah.fraser@gmail.com,AA123663C
3188-8958-1508-1170,666,Peter,Scott,peter.scott@gmail.com,AA123664C
3188-8958-1508-1170,667,Mary,Paige,mary.paige@gmail.com,AA123665C
3188-8958-1508-1170,668,Pippa,Avery,pippa.avery@gmail.com,AA123666C
3188-8958-1508-1170,669,Bella,Fisher,bella.fisher@gmail.com,AA123667C
3188-8958-1508-1170,670,Tracey,Rees,tracey.rees@gmail.com,AA123668C
3188-8958-1508-1170,671,Christian,Grant,christian.grant@gmail.com,AA123669C
3188-8958-1508-1170,672,Gordon,Forsyth,gordon.forsyth@gmail.com,AA123670C
3188-8958-1508-1170,673,Una,Coleman,una.coleman@gmail.com,AA123671C
3188-8958-1508-1170,674,Ryan,Johnston,ryan.johnston@gmail.com,AA123672C
3188-8958-1508-1170,675,Joe,Jackson,joe.jackson@gmail.com,AA123673C
3188-8958-1508-1170,676,Connor,Watson,connor.watson@gmail.com,AA123674C
3188-8958-1508-1170,677,Anna,Martin,anna.martin@gmail.com,AA123675C
3188-8958-1508-1170,678,Ava,MacDonald,ava.macdonald@gmail.com,AA123676C
3188-8958-1508-1170,679,Max,James,max.james@gmail.com,AA123677C
6802-1978-1473-1494,680,Rose,Hughes,rose.hughes@gmail.com,AA123678C
6802-1978-1473-1494,681,Theresa,Mitchell,theresa.mitchell@gmail.com,AA123679C
6802-1978-1473-1494,682,Christian,King,christian.king@gmail.com,AA123680C
6802-1978-1473-1494,683,Joe,Duncan,joe.duncan@gmail.com,AA123681C
6802-1978-1473-1494,684,Stephanie,Greene,stephanie.greene@gmail.com,AA123682C
6802-1978-1473-1494,685,Dan,Henderson,dan.henderson@gmail.com,AA123683C
6802-1978-1473-1494,686,Victor,Sharp,victor.sharp@gmail.com,AA123684C
6802-1978-1473-1494,687,Joseph,Roberts,joseph.roberts@gmail.com,AA123685C
6802-1978-1473-1494,688,Benjamin,Morgan,benjamin.morgan@gmail.com,AA123686C
6802-1978-1473-1494,689,Connor,Rampling,connor.rampling@gmail.com,AA123687C
6802-1978-1473-1494,690,Trevor,Avery,trevor.avery@gmail.com,AA123688C
6802-1978-1473-1494,691,Jonathan,Wilson,jonathan.wilson@gmail.com,AA123689C
6802-1978-1473-1494,692,Joan,Wright,joan.wright@gmail.com,AA123690C
6802-1978-1473-1494,693,Julian,Dickens,julian.dickens@gmail.com,AA123691C
6802-1978-1473-1494,694,Jake,Dowd,jake.dowd@gmail.com,AA123692C
6802-1978-1473-1494,695,Boris,Reid,boris.reid@gmail.com,AA123693C
6802-1978-1473-1494,696,Dorothy,Buckland,dorothy.buckland@gmail.com,AA123694C
6802-1978-1473-1494,697,Edward,Hardacre,edward.hardacre@gmail.com,AA123695C
6802-1978-1473-1494,698,Victor,Ince,victor.ince@gmail.com,AA123696C
6802-1978-1473-1494,699,Phil,Langdon,phil.langdon@gmail.com,AA123697C
6802-1978-1473-1494,700,Simon,MacLeod,simon.macleod@gmail.com,AA123698C
6802-1978-1473-1494,701,Warren,Brown,warren.brown@gmail.com,AA123699C
6802-1978-1473-1494,702,Jack,Walsh,jack.walsh@gmail.com,AA123700C
6802-1978-1473-1494,703,Rebecca,Walker,rebecca.walker@gmail.com,AA123701C
6802-1978-1473-1494,704,Andrew,Burgess,andrew.burgess@gmail.com,AA123702C
6802-1978-1473-1494,705,Evan,Miller,evan.miller@gmail.com,AA123703C
6802-1978-1473-1494,706,Ryan,Walker,ryan.walker@gmail.com,AA123704C
6802-1978-1473-1494,707,Brandon,May,brandon.may@gmail.com,AA123705C
6802-1978-1473-1494,708,Thomas,Hemmings,thomas.hemmings@gmail.com,AA123706C
6802-1978-1473-1494,709,Rachel,Sanderson,rachel.sanderson@gmail.com,AA123707C
6802-1978-1473-1494,710,Sue,Sanderson,sue.sanderson@gmail.com,AA123708C
6802-1978-1473-1494,711,Molly,Ince,molly.ince@gmail.com,AA123709C
6802-1978-1473-1494,712,Christian,Davies,christian.davies@gmail.com,AA123710C
6802-1978-1473-1494,713,Nathan,Kerr,nathan.kerr@gmail.com,AA123711C
6802-1978-1473-1494,714,Benjamin,Butler,benjamin.butler@gmail.com,AA123712C
6802-1978-1473-1494,715,Richard,Pullman,richard.pullman@gmail.com,AA123713C
6802-1978-1473-1494,716,Matt,Rampling,matt.rampling@gmail.com,AA123714C
6802-1978-1473-1494,717,Blake,Scott,blake.scott@gmail.com,AA123715C
6802-1978-1473-1494,718,Lisa,Carr,lisa.carr@gmail.com,AA123716C
6802-1978-1473-1494,719,Felicity,Avery,felicity.avery@gmail.com,AA123717C
6802-1978-1473-1494,720,Christopher,Payne,christopher.payne@gmail.com,AA123718C
6802-1978-1473-1494,721,Rachel,Clark,rachel.clark@gmail.com,AA123719C
6802-1978-1473-1494,722,Irene,Lawrence,irene.lawrence@gmail.com,AA123720C
6802-1978-1473-1494,723,Chloe,White,chloe.white@gmail.com,AA123721C
6802-1978-1473-1494,724,Sebastian,Morgan,sebastian.morgan@gmail.com,AA123722C
6802-1978-1473-1494,725,Amelia,Berry,amelia.berry@gmail.com,AA123723C
6802-1978-1473-1494,726,Amy,Hemmings,amy.hemmings@gmail.com,AA123724C
